Make,Model,Manufacturing_Year,Mileage,Lifespan
Nissan,Highlander,2008,242879,4
Toyota,Highlander,2018,43721,13
Honda,Odyssey,2009,145977,7
Chevrolet,Explorer,2014,114469,10
Toyota,Silverado,2010,113544,5
Chevrolet,Camry,2006,159345,3
Toyota,Highlander,2016,261383,6
Nissan,CR-V,2022,234492,4
Honda,Escape,2023,1573,20
Nissan,Sentra,2012,190432,3
Ford,Explorer,2012,144251,4
Ford,Murano,2002,272621,7
Honda,Corolla,2016,196849,3
Nissan,Corolla,2001,137449,4
Nissan,Civic,2016,187909,5
Toyota,Mustang,2003,29931,6
Honda,Altima,2012,116090,7
Chevrolet,Sentra,2021,52636,15
Ford,Silverado,2006,166142,7
Chevrolet,Traverse,2017,194686,3
Nissan,Equinox,2023,254842,7
Toyota,Altima,2010,245350,5
Ford,Tacoma,2019,2717,15
Toyota,Explorer,2007,172523,7
Ford,Explorer,2022,88778,11
Honda,Civic,2002,275300,1
Ford,Murano,2020,217988,2
Ford,Frontier,2023,195388,7
Chevrolet,Altima,2021,186760,2
Chevrolet,Pilot,2024,109621,10
Toyota,Accord,2012,195992,6
Chevrolet,Sentra,2006,278587,1
Ford,F-150,2008,280623,3
Toyota,F-150,2006,51379,6
Chevrolet,Explorer,2022,170296,4
Ford,Murano,2002,40378,5
Chevrolet,Odyssey,2005,284082,6
Ford,F-150,2018,160977,2
Ford,Odyssey,2021,129347,9
Ford,Sentra,2011,129536,7
Nissan,Equinox,2018,25138,14
Honda,Rav4,2018,112740,7
Chevrolet,Odyssey,2000,13923,3
Chevrolet,Escape,2011,144651,5
Ford,Civic,2015,194965,1
Toyota,Colorado,2021,178208,6
Chevrolet,CR-V,2020,245409,5
Ford,Pilot,2002,252469,7
Ford,Rogue,2018,64159,14
Ford,CR-V,2010,151462,7
Toyota,F-150,2024,74535,12
Nissan,Ranger,2016,202285,1
Nissan,Rogue,2010,77650,7
Honda,Rogue,2009,249492,5
Ford,Malibu,2021,231886,6
Honda,Pilot,2015,202612,2
Honda,Ranger,2016,130856,10
Ford,F-150,2006,153747,4
Honda,Murano,2020,25813,16
Toyota,Odyssey,2018,250881,5
Nissan,CR-V,2008,161144,2
Ford,Civic,2021,121592,10
Ford,Tacoma,2009,132642,1
Honda,Pilot,2010,176608,3
Ford,F-150,2020,75685,13
Honda,Accord,2022,232229,2
Chevrolet,Frontier,2014,290020,3
Toyota,Corolla,2002,78480,6
Honda,CR-V,2015,249868,5
Toyota,Pilot,2002,231149,4
Ford,F-150,2004,165756,4
Honda,Explorer,2018,16534,15
Honda,Rav4,2012,209398,4
Ford,Escape,2015,75771,10
Ford,Tacoma,2010,54071,3
Ford,Murano,2020,215187,4
Chevrolet,Civic,2002,269990,3
Honda,Silverado,2010,64986,5
Chevrolet,Equinox,2013,52430,3
Chevrolet,Malibu,2001,72681,1
Honda,Sentra,2021,104184,7
Nissan,Malibu,2018,210977,4
Chevrolet,Sentra,2023,116637,10
Ford,Mustang,2023,229985,7
Honda,Odyssey,2016,216142,4
Ford,Mustang,2014,236831,7
Honda,Odyssey,2011,202085,3
Nissan,Tacoma,2005,84550,2
Nissan,Colorado,2011,73638,7
Toyota,CR-V,2016,109165,7
Ford,Rav4,2024,237638,6
Ford,Colorado,2008,233692,4
Chevrolet,Colorado,2014,3748,9
Chevrolet,Highlander,2003,114163,7
Ford,Sentra,2019,167617,2
Nissan,CR-V,2009,176335,3
Honda,Colorado,2013,87627,2
Chevrolet,Odyssey,2024,277148,5
Chevrolet,Mustang,2011,260501,4
Toyota,Corolla,2004,77378,5
Nissan,Murano,2019,149065,9
Chevrolet,Malibu,2021,23024,16
Ford,Frontier,2018,271610,2
Chevrolet,Frontier,2018,215580,7
Nissan,Equinox,2018,293416,7
Toyota,Odyssey,2021,128116,10
Ford,Malibu,2020,230639,6
Chevrolet,Pilot,2024,207091,4
Nissan,Pilot,2008,216512,1
Toyota,Altima,2008,135739,2
Toyota,Highlander,2012,290629,1
Ford,Murano,2003,217643,6
Ford,Accord,2020,50307,13
Toyota,Accord,2015,139127,7
Honda,Frontier,2017,96530,12
Honda,Murano,2024,260684,4
Chevrolet,Colorado,2020,132038,7
Ford,Pilot,2000,166828,2
Honda,Ranger,2008,185002,5
Nissan,CR-V,2015,87882,8
Chevrolet,Odyssey,2015,243811,3
Nissan,Explorer,2015,220145,1
Ford,Traverse,2006,234095,4
Toyota,Sentra,2019,170187,1
Chevrolet,Corolla,2003,75593,5
Toyota,Pilot,2020,111705,8
Nissan,Pilot,2002,298886,4
Honda,F-150,2016,93558,9
Ford,Altima,2009,46041,6
Honda,Malibu,2023,101859,9
Honda,Odyssey,2000,178851,2
Ford,Malibu,2003,79207,1
Chevrolet,Highlander,2020,15695,18
Nissan,Odyssey,2016,11467,10
Chevrolet,Accord,2018,68065,11
Honda,Corolla,2017,91159,15
Toyota,Equinox,2006,150715,6
Toyota,Rogue,2005,40155,7
Nissan,Frontier,2018,127127,8
Chevrolet,Tacoma,2003,198121,5
Toyota,Equinox,2012,31372,3
Honda,Ranger,2021,88004,14
Nissan,Malibu,2016,22347,8
Ford,Rogue,2020,211933,3
Chevrolet,Rav4,2020,283280,3
Toyota,Sentra,2010,236198,5
Nissan,Silverado,2002,4912,3
Ford,Frontier,2023,149466,7
Honda,Corolla,2001,228660,5
Honda,Corolla,2004,279101,5
Chevrolet,Rogue,2021,8409,18
Nissan,Altima,2013,189423,2
Toyota,Frontier,2023,246841,6
Honda,Escape,2018,139422,10
Toyota,Frontier,2004,222896,3
Toyota,Ranger,2013,176747,5
Toyota,Highlander,2013,277898,3
Honda,Accord,2022,129324,9
Nissan,Escape,2007,104005,4
Nissan,Tacoma,2007,54856,1
Toyota,Rav4,2012,256901,1
Ford,Escape,2008,75415,5
Ford,Silverado,2013,160371,1
Chevrolet,Pilot,2007,261114,3
Ford,Rav4,2011,78797,5
Nissan,Corolla,2006,266698,2
Honda,Accord,2000,141077,7
Honda,Ranger,2013,41653,1
Honda,Traverse,2013,23723,7
Ford,Traverse,2017,192575,3
Honda,CR-V,2012,26126,6
Ford,Silverado,2023,254252,2
Toyota,Camry,2021,225989,2
Honda,Silverado,2000,163695,1
Honda,Colorado,2023,159522,3
Nissan,F-150,2002,159972,3
Honda,Murano,2015,92279,10
Ford,Malibu,2012,294460,5
Honda,CR-V,2004,3743,1
Toyota,Explorer,2005,69603,6
Chevrolet,Accord,2006,108207,5
Chevrolet,Camry,2006,170645,6
Toyota,Frontier,2004,294275,2
Ford,Equinox,2008,117486,7
Ford,Mustang,2022,220589,4
Honda,Ranger,2010,78496,7
Toyota,Rav4,2014,50575,10
Honda,Ranger,2022,258023,7
Nissan,Ranger,2004,211400,6
Honda,Escape,2015,66061,7
Chevrolet,Silverado,2008,253007,7
Chevrolet,Colorado,2019,120943,9
Chevrolet,Pilot,2016,119292,7
Nissan,Traverse,2024,244546,2
Honda,CR-V,2018,186004,3
Honda,Rogue,2019,96347,13
Honda,Malibu,2010,107328,1
Nissan,Equinox,2021,162323,5
Ford,Explorer,2010,72083,4
Ford,Tacoma,2019,99314,14
Ford,CR-V,2023,265309,6
Nissan,Murano,2012,32247,3
Honda,Corolla,2013,219538,6
Toyota,Mustang,2024,293899,4
Toyota,CR-V,2019,265502,5
Chevrolet,Escape,2008,192601,2
Chevrolet,F-150,2000,278908,1
Toyota,Rogue,2022,16063,17
Nissan,Malibu,2001,93102,5
Chevrolet,Explorer,2017,109348,7
Honda,Sentra,2017,281885,1
Nissan,Explorer,2022,51356,12
Chevrolet,Civic,2014,77793,10
Honda,Traverse,2008,43079,7
Toyota,Ranger,2020,196667,1
Ford,Altima,2002,87222,6
Nissan,Silverado,2001,161973,2
Ford,Highlander,2002,254713,3
Ford,Pilot,2022,210914,3
Chevrolet,Traverse,2004,298559,4
Toyota,Colorado,2009,45005,6
Honda,Frontier,2015,210434,6
Chevrolet,Explorer,2014,9087,10
Honda,Explorer,2022,75615,12
Honda,F-150,2014,225783,5
Toyota,Frontier,2011,31335,5
Honda,Civic,2018,205869,4
Toyota,Corolla,2014,151687,5
Chevrolet,Explorer,2023,171801,1
Toyota,Malibu,2007,126594,7
Honda,Tacoma,2018,121478,10
Ford,Malibu,2005,173494,4
Toyota,Rav4,2001,68770,1
Ford,Frontier,2006,198435,6
Toyota,Highlander,2021,198845,7
Chevrolet,Accord,2021,289129,6
Toyota,Equinox,2016,221753,5
Honda,F-150,2014,122871,10
Honda,Silverado,2012,19256,7
Honda,Odyssey,2020,118695,10
Chevrolet,F-150,2020,111344,7
Nissan,Colorado,2017,92350,13
Ford,Pilot,2001,1307,3
Toyota,Silverado,2010,123410,4
Chevrolet,Civic,2023,103970,8
Nissan,Escape,2007,175753,7
Ford,Pilot,2016,276007,6
Honda,Colorado,2021,19694,18
Honda,Traverse,2003,50093,4
Toyota,Rav4,2008,142496,3
Toyota,Colorado,2024,189990,4
Ford,Mustang,2000,259224,1
Toyota,Highlander,2000,290436,4
Honda,Rogue,2016,70981,8
Toyota,Camry,2021,168508,7
Honda,Odyssey,2002,161773,5
Chevrolet,Odyssey,2007,171034,4
Nissan,Altima,2010,163402,6
Honda,Traverse,2001,57541,4
Nissan,Escape,2002,158392,7
Chevrolet,Odyssey,2022,155447,4
Toyota,Corolla,2022,156998,4
Ford,Rogue,2011,156835,5
Honda,Explorer,2013,204349,6
Honda,F-150,2015,101935,7
Chevrolet,Accord,2012,34057,1
Toyota,Rav4,2006,220109,3
Ford,Odyssey,2009,123448,1
Nissan,Pilot,2007,182076,4
Ford,Explorer,2011,71169,1
Nissan,Mustang,2016,263308,7
Toyota,F-150,2011,81515,2
Ford,Corolla,2019,281467,6
Chevrolet,Ranger,2018,74463,13
Ford,Traverse,2010,107214,3
Nissan,Rogue,2023,33412,19
Honda,Escape,2003,117651,1
Ford,Altima,2000,145253,7
Toyota,CR-V,2008,286964,7
Nissan,Highlander,2017,158873,2
Chevrolet,Malibu,2000,278788,4
Chevrolet,Odyssey,2016,200960,4
Honda,Altima,2020,205995,5
Ford,Rogue,2014,252029,1
Chevrolet,Rogue,2020,65014,14
Honda,Equinox,2010,104097,3
Nissan,Silverado,2014,112350,7
Chevrolet,Tacoma,2004,224250,3
Nissan,Altima,2023,159936,4
Honda,Silverado,2010,111940,2
Honda,Equinox,2015,247258,5
Nissan,Malibu,2008,41721,2
Ford,F-150,2016,169962,6
Nissan,Colorado,2000,26633,3
Ford,Equinox,2024,81858,10
Honda,Explorer,2009,155345,6
Ford,Sentra,2012,43462,3
Honda,Mustang,2024,290019,6
Nissan,Colorado,2005,66869,2
Honda,Corolla,2017,242333,5
Honda,Murano,2011,267079,2
Nissan,Equinox,2011,279602,3
Chevrolet,Highlander,2003,268885,7
Chevrolet,Pilot,2018,116158,8
Toyota,Rogue,2017,89601,11
Toyota,Escape,2017,52620,13
Toyota,F-150,2011,196243,2
Chevrolet,Civic,2023,274040,1
Toyota,Murano,2021,219918,2
Toyota,Sentra,2016,103682,8
Nissan,Rav4,2005,206742,3
Honda,Escape,2012,241858,3
Toyota,Corolla,2001,275761,7
Honda,Tacoma,2003,276828,5
Ford,Explorer,2019,205086,5
Honda,Traverse,2001,135094,3
Chevrolet,Accord,2020,132924,10
Nissan,Explorer,2007,202800,5
Chevrolet,Malibu,2012,248130,6
Chevrolet,Highlander,2007,296523,4
Nissan,Frontier,2024,128618,9
Toyota,Pilot,2013,261135,7
Chevrolet,Civic,2007,178692,1
Toyota,Traverse,2013,197705,4
Honda,Equinox,2006,11040,4
Honda,Malibu,2008,173572,7
Chevrolet,Silverado,2002,141538,1
Ford,Tacoma,2014,19506,10
Toyota,F-150,2011,189451,1
Honda,CR-V,2016,20269,9
Ford,Rogue,2010,274922,3
Nissan,Pilot,2018,43125,10
Nissan,CR-V,2011,170181,2
Chevrolet,Camry,2021,137224,7
Ford,F-150,2004,214562,1
Toyota,Malibu,2012,121361,1
Honda,Rav4,2010,238440,5
Honda,Civic,2015,265415,3
Nissan,Mustang,2011,199702,7
Honda,Rogue,2011,249488,1
Chevrolet,Rav4,2021,138331,9
Nissan,Pilot,2021,96040,15
Honda,Camry,2000,154283,6
Honda,Corolla,2010,77964,6
Ford,Rogue,2023,293874,4
Nissan,Civic,2022,215866,6
Chevrolet,Odyssey,2015,291041,2
Chevrolet,Malibu,2013,233133,1
Toyota,Colorado,2007,236382,3
Nissan,Escape,2008,127632,7
Nissan,Explorer,2004,119478,1
Honda,Camry,2023,289664,4
Toyota,Camry,2017,203723,2
Honda,Explorer,2007,102765,3
Nissan,Colorado,2024,22024,18
Ford,Sentra,2013,83200,5
Toyota,Mustang,2005,190446,6
Toyota,Explorer,2011,297117,6
Toyota,Pilot,2023,15309,18
Toyota,Silverado,2002,201454,1
Toyota,Traverse,2023,269228,2
Toyota,Malibu,2007,118003,5
Ford,F-150,2008,22030,6
Honda,F-150,2019,33932,20
Toyota,Ranger,2017,280642,7
Chevrolet,Equinox,2019,41612,18
Ford,Corolla,2024,120696,8
Chevrolet,Civic,2015,153286,5
Honda,Rav4,2013,136151,1
Chevrolet,Silverado,2011,298280,3
Honda,Malibu,2015,152388,7
Honda,Corolla,2008,61394,4
Honda,Altima,2009,38635,6
Honda,Escape,2016,197176,2
Ford,Accord,2005,31147,4
Nissan,F-150,2008,23829,7
Nissan,Malibu,2016,46395,7
Ford,Pilot,2005,191430,2
Chevrolet,Pilot,2002,186482,6
Toyota,Murano,2011,110918,7
Chevrolet,Rogue,2009,97061,4
Nissan,Frontier,2006,203469,7
Toyota,CR-V,2015,226712,7
Nissan,Civic,2006,92637,1
Toyota,Odyssey,2016,289910,1
Toyota,Mustang,2014,160284,5
Honda,Explorer,2020,98787,11
Chevrolet,Highlander,2005,81728,1
Nissan,Tacoma,2002,170080,2
Nissan,Traverse,2021,175855,1
Nissan,Corolla,2011,159656,5
Nissan,Explorer,2001,294235,3
Honda,Equinox,2004,235847,3
Nissan,Altima,2014,106678,7
Honda,Escape,2002,88642,1
Honda,Tacoma,2009,103778,4
Chevrolet,F-150,2020,173157,5
Nissan,Colorado,2001,118520,7
Nissan,Silverado,2011,73604,3
Chevrolet,Rav4,2004,111410,6
Honda,Rav4,2020,129775,8
Ford,Murano,2008,273004,6
Honda,F-150,2017,259533,2
Toyota,Highlander,2018,264876,6
Toyota,Altima,2021,249835,2
Chevrolet,Accord,2019,255504,6
Ford,Corolla,2005,40390,6
Chevrolet,Ranger,2007,115776,6
Nissan,Colorado,2017,112391,9
Honda,Silverado,2022,296073,4
Toyota,Odyssey,2014,280506,6
Nissan,Pilot,2015,231378,5
Chevrolet,Camry,2004,220231,2
Chevrolet,Accord,2015,267780,1
Ford,Rogue,2003,15905,6
Chevrolet,Tacoma,2013,150858,6
Toyota,Mustang,2022,71271,11
Chevrolet,Traverse,2017,4888,15
Nissan,F-150,2004,135198,7
Toyota,Highlander,2010,35421,7
Honda,Civic,2013,13197,1
Chevrolet,CR-V,2018,60037,14
Chevrolet,Camry,2008,89818,5
Honda,Malibu,2004,146429,5
Honda,Camry,2013,157711,2
Toyota,Accord,2000,215794,5
Honda,Tacoma,2007,245259,2
Nissan,Highlander,2020,21999,15
Chevrolet,Tacoma,2002,99553,6
Nissan,Murano,2009,74862,1
Toyota,Tacoma,2024,73231,12
Nissan,Mustang,2020,208517,1
Chevrolet,Rogue,2015,124478,10
Honda,Highlander,2021,167233,4
Honda,Escape,2004,216641,4
Chevrolet,Pilot,2016,191535,2
Toyota,Malibu,2021,86277,11
Chevrolet,Highlander,2009,247958,6
Nissan,Corolla,2009,280502,2
Nissan,F-150,2005,188900,3
Ford,Altima,2009,145682,1
Toyota,Rogue,2016,265325,6
Ford,Civic,2005,150553,1
Toyota,Frontier,2003,153478,5
Nissan,Frontier,2012,112482,3
Toyota,Equinox,2013,5809,5
Toyota,Frontier,2011,213618,7
Honda,Mustang,2023,57250,12
Nissan,Ranger,2010,94463,5
Ford,Equinox,2015,27057,10
Toyota,Highlander,2012,25013,6
Honda,Civic,2020,279890,1
Chevrolet,F-150,2016,182937,1
Nissan,Murano,2006,239988,6
Ford,Colorado,2017,15362,14
Ford,Civic,2005,125554,2
Nissan,Malibu,2021,12136,20
Ford,Altima,2022,290636,5
Chevrolet,Altima,2013,82773,5
Honda,Malibu,2013,95225,2
Ford,Murano,2004,95440,4
Chevrolet,Rogue,2013,179908,7
Chevrolet,F-150,2008,127525,2
Nissan,Sentra,2024,130986,10
Toyota,Tacoma,2004,115831,7
Chevrolet,Civic,2014,192531,2
Toyota,Colorado,2022,273292,6
Ford,Equinox,2018,149545,10
Honda,Explorer,2015,176263,1
Nissan,Rav4,2004,115632,4
Honda,Colorado,2012,155745,4
Honda,Murano,2006,92317,3
Toyota,Ranger,2017,105010,9
Chevrolet,Murano,2006,53596,4
Toyota,Camry,2018,90054,13
Honda,Camry,2004,247740,1
Honda,CR-V,2019,162451,2
Honda,Traverse,2013,184299,3
Ford,F-150,2005,217311,3
Toyota,Rav4,2024,75158,12
Toyota,Civic,2019,58297,12
Nissan,Mustang,2007,206668,3
Chevrolet,F-150,2001,60626,5
Toyota,F-150,2012,122890,1
Nissan,Ranger,2008,158859,5
Chevrolet,Accord,2018,17885,14
Toyota,Traverse,2003,235872,7
Nissan,Rav4,2022,268919,5
Ford,Rav4,2019,102991,7
Nissan,Ranger,2020,115929,9
Nissan,Sentra,2020,97237,12
Chevrolet,Rogue,2020,88693,12
Honda,Sentra,2016,110153,9
Honda,Civic,2024,18768,15
Nissan,Mustang,2011,101148,5
Ford,Frontier,2018,177078,7
Toyota,Sentra,2016,200982,4
Chevrolet,Tacoma,2009,237811,4
Toyota,Silverado,2021,92230,11
Honda,Colorado,2012,82730,3
Nissan,Explorer,2002,64640,6
Ford,Civic,2016,165354,7
Chevrolet,CR-V,2006,259078,2
Toyota,Explorer,2024,279529,7
Ford,Escape,2006,155743,3
Honda,Explorer,2022,66428,11
Chevrolet,Mustang,2021,75691,10
Honda,Rav4,2010,133339,6
Toyota,Tacoma,2011,92858,7
Honda,Camry,2014,25890,8
Nissan,Escape,2012,89702,3
Nissan,Malibu,2008,80480,2
Toyota,Rav4,2021,244502,3
Nissan,Altima,2009,108066,4
Ford,Rav4,2022,168417,2
Toyota,Altima,2001,182493,3
Toyota,Rogue,2006,211353,3
Nissan,Escape,2008,46895,6
Honda,Tacoma,2020,292017,4
Ford,Frontier,2024,56551,15
Chevrolet,Malibu,2002,35577,7
Honda,Tacoma,2012,263479,6
Honda,Rav4,2005,244582,4
Honda,Escape,2017,254158,4
Honda,Odyssey,2006,136174,2
Nissan,Accord,2022,262146,4
Honda,Malibu,2019,24514,16
Ford,F-150,2023,128174,7
Chevrolet,Rogue,2019,209797,1
Toyota,Altima,2022,99070,10
Honda,CR-V,2023,255701,6
Nissan,Sentra,2022,268573,2
Toyota,Highlander,2017,267327,1
Toyota,Mustang,2009,264252,1
Chevrolet,Explorer,2015,291074,6
Ford,Sentra,2008,143811,5
Nissan,Altima,2001,165475,3
Ford,Odyssey,2004,103104,4
Ford,Corolla,2017,125226,9
Toyota,Malibu,2000,83062,3
Nissan,Corolla,2010,89013,1
Chevrolet,Silverado,2012,25626,4
Honda,Malibu,2012,85486,5
Nissan,Accord,2013,189348,3
Chevrolet,Murano,2011,46151,1
Toyota,Odyssey,2011,255745,5
Chevrolet,Rav4,2010,74732,2
Ford,CR-V,2016,51773,8
Nissan,Rogue,2014,108761,10
Ford,Rogue,2007,110652,6
Honda,Escape,2014,178213,3
Honda,Frontier,2003,292513,1
Honda,Frontier,2022,228893,7
Ford,Accord,2015,154944,6
Honda,Odyssey,2020,59971,12
Nissan,Silverado,2000,6686,1
Chevrolet,Ranger,2000,54910,4
Honda,Pilot,2001,166339,6
Nissan,Accord,2022,141505,10
Chevrolet,Tacoma,2022,134810,9
Chevrolet,Accord,2013,252809,5
Honda,Rav4,2003,260109,2
Honda,Pilot,2007,118665,6
Honda,Rogue,2018,164118,4
Nissan,Murano,2023,271468,5
Nissan,Rav4,2018,181377,3
Chevrolet,Sentra,2004,202288,3
Nissan,Murano,2009,51846,2
Toyota,Accord,2009,79547,6
Chevrolet,Murano,2024,86240,12
Chevrolet,Altima,2007,255644,7
Nissan,Civic,2008,92434,4
Chevrolet,Traverse,2010,260198,4
Chevrolet,Camry,2008,53087,1
Ford,Accord,2004,221954,2
Ford,Escape,2019,109237,7
Honda,CR-V,2002,55569,6
Ford,F-150,2002,136876,7
Honda,Corolla,2020,113790,8
Ford,Civic,2011,231305,6
Nissan,Camry,2019,20359,20
Nissan,Camry,2010,221110,5
Chevrolet,CR-V,2021,58909,11
Chevrolet,Rogue,2007,47422,1
Honda,Rogue,2017,18500,15
Ford,Explorer,2012,7967,7
Honda,Civic,2015,252282,2
Chevrolet,Escape,2014,280143,2
Chevrolet,Mustang,2006,70937,1
Toyota,Murano,2009,68547,7
Ford,Sentra,2008,120123,4
Ford,Malibu,2009,222792,2
Toyota,Murano,2024,253339,4
Chevrolet,Camry,2023,16431,20
Honda,Odyssey,2004,126287,2
Ford,Highlander,2016,108587,10
Honda,Mustang,2024,184167,6
Toyota,Traverse,2013,231663,4
Honda,Altima,2008,96724,3
Toyota,Ranger,2007,58127,7
Honda,Traverse,2003,42162,4
Toyota,Altima,2006,218426,2
Nissan,Accord,2004,277886,2
Ford,Corolla,2009,281795,1
Nissan,Colorado,2016,8791,9
Nissan,Murano,2017,184129,7
Honda,Murano,2023,172638,4
Honda,Escape,2020,227428,7
Nissan,Corolla,2021,84493,11
Honda,Traverse,2008,147535,3
Toyota,Altima,2024,26033,18
Ford,Camry,2010,55701,6
Ford,Corolla,2014,254069,4
Honda,Odyssey,2008,246667,7
Honda,Frontier,2023,55128,10
Nissan,Rav4,2013,173510,3
Toyota,Rogue,2007,182108,2
Honda,Corolla,2018,50725,15
Nissan,Murano,2014,32605,8
Nissan,Explorer,2013,13742,1
Ford,Escape,2016,165153,5
Chevrolet,Escape,2003,158719,2
Toyota,Corolla,2007,238090,4
Toyota,Malibu,2020,69142,13
Ford,F-150,2022,82472,12
Chevrolet,Escape,2009,74242,3
Nissan,Rav4,2009,80719,3
Nissan,Accord,2013,76709,4
Chevrolet,Malibu,2023,206454,7
Nissan,Mustang,2000,121947,7
Nissan,Sentra,2020,214663,2
Nissan,Traverse,2014,7378,7
Ford,F-150,2014,5838,10
Nissan,Odyssey,2023,107314,8
Honda,Mustang,2011,146541,1
Toyota,Mustang,2023,199520,3
Nissan,Frontier,2020,108956,9
Honda,Traverse,2023,73085,13
Ford,Explorer,2024,29922,19
Honda,Odyssey,2024,181216,6
Chevrolet,Highlander,2001,61021,3
Nissan,Altima,2022,155101,4
Honda,Pilot,2000,17511,3
Ford,CR-V,2022,110240,9
Nissan,Altima,2004,147026,6
Ford,Ranger,2012,220846,3
Ford,Highlander,2003,104499,4
Nissan,Pilot,2001,279331,2
Nissan,Mustang,2024,42461,19
Toyota,Rogue,2006,202149,5
Chevrolet,Highlander,2001,39760,5
Honda,CR-V,2018,129887,8
Ford,Traverse,2018,240602,4
Chevrolet,Camry,2015,267270,1
Toyota,Frontier,2020,197693,5
Nissan,F-150,2020,72940,11
Toyota,Colorado,2012,154399,6
Honda,CR-V,2006,150728,3
Honda,Civic,2020,59800,15
Ford,Pilot,2024,159928,3
Chevrolet,Tacoma,2020,128740,9
Chevrolet,Traverse,2017,171851,2
Nissan,Mustang,2007,199282,6
Nissan,Ranger,2007,250147,1
Nissan,Rogue,2008,257456,6
Honda,CR-V,2020,248219,5
Chevrolet,Frontier,2003,41856,2
Ford,Accord,2016,239342,5
Chevrolet,Colorado,2001,78626,4
Toyota,Camry,2012,120961,1
Toyota,Mustang,2001,138743,2
Toyota,Civic,2005,242335,6
Chevrolet,Civic,2001,120865,2
Toyota,Altima,2022,171177,4
Chevrolet,Murano,2017,91940,14
Chevrolet,Accord,2010,225895,5
Toyota,Silverado,2013,51566,5
Chevrolet,Corolla,2009,290622,1
Honda,Equinox,2009,32274,4
Ford,Rogue,2023,270232,6
Chevrolet,Highlander,2005,102783,2
Honda,Silverado,2021,94673,11
Chevrolet,Tacoma,2010,72946,7
Nissan,Rav4,2001,135711,5
Honda,Murano,2010,173852,7
Chevrolet,Mustang,2009,199030,1
Ford,Murano,2005,97340,6
Ford,F-150,2013,67545,4
Toyota,Equinox,2007,32342,7
Chevrolet,Rav4,2000,192624,7
Chevrolet,Traverse,2001,115523,7
Nissan,Sentra,2006,18916,6
Nissan,Silverado,2003,108118,6
Ford,Odyssey,2019,269522,6
Chevrolet,Altima,2013,85927,3
Ford,Traverse,2009,286411,5
Chevrolet,F-150,2020,148093,9
Toyota,Murano,2016,289383,4
Ford,Colorado,2010,156651,2
Nissan,Silverado,2008,204255,1
Honda,Sentra,2003,9744,7
Toyota,Frontier,2018,18653,11
Toyota,Altima,2010,210734,5
Nissan,Mustang,2014,240905,1
Toyota,Equinox,2013,204278,3
Nissan,Camry,2007,70964,7
Toyota,Escape,2019,288316,3
Chevrolet,Equinox,2023,176864,7
Chevrolet,Escape,2000,60088,4
Toyota,Colorado,2023,13858,18
Nissan,Escape,2014,214039,1
Nissan,Camry,2020,261356,1
Chevrolet,F-150,2023,162345,3
Chevrolet,Rav4,2004,171871,7
Toyota,F-150,2020,13666,17
Chevrolet,CR-V,2023,225361,5
Honda,Malibu,2012,143419,2
Nissan,Explorer,2018,199126,6
Ford,Sentra,2005,200910,3
Toyota,Altima,2017,13087,15
Chevrolet,Pilot,2006,276380,5
Toyota,Camry,2007,268199,5
Toyota,CR-V,2013,235260,6
Ford,Silverado,2018,237998,7
Honda,Explorer,2016,33400,8
Chevrolet,Odyssey,2002,86761,6
Honda,Mustang,2016,216829,6
Honda,Civic,2011,79426,7
Ford,Ranger,2020,191411,6
Toyota,Traverse,2002,287550,1
Nissan,Traverse,2019,117855,8
Nissan,Odyssey,2018,66959,15
Chevrolet,Rav4,2003,18527,4
Nissan,Altima,2007,84119,2
Chevrolet,Pilot,2003,51718,7
Toyota,Mustang,2003,100212,1
Toyota,Corolla,2023,67498,11
Toyota,Explorer,2016,6172,9
Nissan,Murano,2004,235972,3
Chevrolet,Equinox,2007,270029,3
Toyota,Rav4,2020,12189,20
Chevrolet,Murano,2019,102182,7
Toyota,CR-V,2011,252105,5
Nissan,Equinox,2005,81591,1
Toyota,Accord,2003,129489,4
Nissan,Accord,2015,92388,7
Ford,Altima,2006,157850,7
Toyota,Equinox,2010,67530,6
Honda,Malibu,2013,76353,6
Nissan,Mustang,2020,209874,5
Ford,Sentra,2020,29750,17
Toyota,Equinox,2020,39916,16
Nissan,Silverado,2022,26104,17
Ford,Ranger,2024,27767,18
Nissan,Tacoma,2015,9853,10
Honda,Rav4,2017,255503,2
Toyota,Accord,2010,272135,1
Chevrolet,Rav4,2001,193117,5
Toyota,Highlander,2016,16344,10
Ford,F-150,2005,47645,5
Chevrolet,Sentra,2022,296005,3
Toyota,Explorer,2016,284360,4
Toyota,Rav4,2011,104048,2
Honda,Sentra,2018,261884,2
Chevrolet,Frontier,2009,86541,4
Chevrolet,Rav4,2001,60309,6
Toyota,Sentra,2001,52344,6
Honda,Malibu,2005,139229,7
Chevrolet,Accord,2015,120797,10
Nissan,Traverse,2000,299882,6
Honda,Explorer,2006,168195,4
Chevrolet,Accord,2004,42032,6
Honda,Rogue,2017,65464,11
Toyota,Explorer,2021,162593,1
Ford,Odyssey,2006,168765,2
Toyota,Corolla,2023,281473,7
Nissan,Camry,2006,289998,7
Toyota,Mustang,2008,151201,5
Honda,Civic,2004,203271,3
Ford,Colorado,2009,247212,7
Toyota,Rav4,2004,57164,1
Chevrolet,Explorer,2021,13444,17
Chevrolet,Rav4,2021,234624,2
Ford,F-150,2024,210422,2
Honda,Civic,2002,19885,5
Toyota,Altima,2006,248720,3
Chevrolet,Tacoma,2024,191220,3
Chevrolet,F-150,2019,217325,4
Toyota,Altima,2019,270036,3
Ford,Tacoma,2002,164934,4
Ford,Frontier,2001,169932,4
Nissan,Mustang,2021,60892,10
Ford,Equinox,2000,22755,1
Honda,Equinox,2018,11139,11
Toyota,Odyssey,2016,120327,9
Nissan,Rogue,2001,25098,1
Toyota,Pilot,2007,257426,7
Ford,Silverado,2002,53482,5
Toyota,Silverado,2014,72220,8
Chevrolet,Escape,2008,271978,5
Honda,Odyssey,2010,189729,7
Honda,Odyssey,2019,84042,15
Toyota,Escape,2013,96099,7
Chevrolet,Odyssey,2021,42111,18
Nissan,Malibu,2016,88068,8
Ford,Camry,2018,280976,4
Chevrolet,Rav4,2011,243285,3
Honda,Escape,2007,2154,5
Ford,Odyssey,2012,139563,4
Honda,Corolla,2012,97010,1
Toyota,Explorer,2007,279786,6
Nissan,Altima,2002,281064,7
Toyota,Odyssey,2021,35485,16
Chevrolet,Explorer,2018,43479,11
Toyota,Tacoma,2009,175002,2
Chevrolet,Equinox,2011,204755,1
Ford,Rogue,2007,69087,1
Toyota,Escape,2007,175423,7
Chevrolet,Odyssey,2016,10181,9
Chevrolet,Murano,2014,88046,7
Honda,Mustang,2001,275747,2
Nissan,Sentra,2017,119332,7
Toyota,Mustang,2019,84531,11
Ford,Traverse,2001,131867,4
Chevrolet,Frontier,2010,255012,2
Ford,CR-V,2019,292940,7
Nissan,CR-V,2006,113815,3
Ford,F-150,2009,224211,7
Ford,Mustang,2009,44778,1
Nissan,Highlander,2023,118246,9
Honda,Camry,2011,62904,5
Nissan,Camry,2017,125949,8
Ford,Sentra,2005,297385,1
Toyota,Traverse,2024,200768,2
Nissan,Rav4,2015,161188,4
Honda,Murano,2020,39844,15
Ford,Rav4,2024,215125,6
Ford,Sentra,2021,84285,14
Ford,Accord,2010,239346,7
Ford,Camry,2011,119194,1
Toyota,Tacoma,2005,199109,6
Nissan,Explorer,2014,242441,7
Nissan,Odyssey,2003,182223,3
Ford,Camry,2005,229997,1
Toyota,Highlander,2002,56587,4
Ford,Tacoma,2018,180567,4
Chevrolet,Ranger,2009,157991,7
Honda,Murano,2003,145537,5
Ford,Malibu,2023,145626,10
Chevrolet,Rav4,2001,154237,4
Honda,Tacoma,2002,297832,5
Honda,Highlander,2010,190226,3
Chevrolet,Rav4,2004,145610,7
Chevrolet,Ranger,2015,39292,9
Toyota,Equinox,2012,170628,5
Toyota,Frontier,2010,289061,1
Ford,Civic,2003,85010,5
Nissan,Escape,2020,108711,8
Ford,Traverse,2017,233080,7
Toyota,Mustang,2016,212245,1
Honda,Mustang,2023,263745,1
Nissan,Malibu,2020,5566,16
Ford,Mustang,2011,231510,2
Honda,Murano,2023,202678,4
Ford,F-150,2000,238450,5
Honda,Corolla,2019,279446,3
Chevrolet,Altima,2024,202670,2
Honda,Frontier,2008,89747,5
Honda,Silverado,2018,158169,7
Ford,Malibu,2015,217783,7
Ford,Accord,2002,252910,5
Toyota,Murano,2000,175776,3
Chevrolet,Explorer,2000,237200,1
Chevrolet,Tacoma,2010,230889,6
Nissan,Rogue,2022,113672,10
Toyota,Silverado,2018,270719,6
Chevrolet,Explorer,2017,89793,12
Toyota,Rogue,2016,197343,6
Toyota,Murano,2013,177826,4
Nissan,Traverse,2021,292195,6
Nissan,Tacoma,2008,204265,6
Chevrolet,F-150,2004,210617,7
Chevrolet,Pilot,2001,36778,4
Nissan,Equinox,2010,122479,1
Honda,Accord,2021,289276,6
Ford,Altima,2023,29429,19
Ford,F-150,2022,15586,15
Honda,Equinox,2024,251449,4
Chevrolet,Accord,2014,38116,10
Ford,Sentra,2024,168831,6
Toyota,Escape,2013,159295,5
Toyota,Odyssey,2023,218379,6
Ford,Ranger,2008,120027,3
Ford,Equinox,2023,27084,16
Chevrolet,Mustang,2003,91033,7
Chevrolet,Escape,2023,117632,10
Nissan,Equinox,2008,134969,7
Nissan,Ranger,2015,14264,8
Toyota,CR-V,2024,256814,3
Nissan,Frontier,2021,157082,1
Nissan,Altima,2009,88646,3
Chevrolet,Altima,2010,269850,5
Chevrolet,Frontier,2001,292479,4
Toyota,Sentra,2005,112727,3
Honda,Pilot,2017,89419,15
Toyota,Ranger,2007,186990,1
Ford,Highlander,2016,180036,5
Toyota,Murano,2011,69647,4
Ford,Odyssey,2014,21795,8
Toyota,Traverse,2019,141370,8
Chevrolet,Accord,2013,7951,5
Ford,Silverado,2024,39693,16
Chevrolet,Camry,2000,270529,7
Ford,Tacoma,2013,132801,3
Toyota,Silverado,2011,156149,4
Honda,Altima,2006,233168,3
Nissan,Corolla,2008,120775,7
Honda,Traverse,2008,291325,2
Chevrolet,Civic,2006,28700,1
Ford,Corolla,2003,78163,1
Toyota,Civic,2023,190252,7
Honda,Equinox,2013,229265,1
Chevrolet,Mustang,2007,26270,6
Toyota,F-150,2008,74411,7
Toyota,Frontier,2004,280069,1
Nissan,Murano,2012,13571,2
Toyota,Pilot,2021,103079,10
Toyota,Silverado,2016,6705,7
Ford,Pilot,2013,140769,1
Honda,Odyssey,2023,265124,7
Chevrolet,Silverado,2013,209505,5
Toyota,Escape,2000,120005,3
Honda,Colorado,2023,119915,9
Nissan,Explorer,2004,47359,3
Nissan,Accord,2009,36144,5
Chevrolet,Altima,2007,198268,1
Chevrolet,Pilot,2016,142074,9
Nissan,Tacoma,2008,297653,7
Chevrolet,Ranger,2017,219782,6
Ford,Rogue,2002,61486,1
Toyota,Explorer,2008,4959,5
Ford,Colorado,2007,159507,5
Honda,Tacoma,2023,136501,8
Toyota,CR-V,2015,288406,2
Toyota,Frontier,2000,208229,4
Toyota,Tacoma,2011,151027,2
Honda,Camry,2010,259869,6
Chevrolet,Ranger,2023,72246,14
Toyota,Malibu,2009,188014,1
Honda,Corolla,2020,42216,15
Nissan,Equinox,2002,133222,3
Toyota,Ranger,2007,58996,3
Nissan,Escape,2011,36999,7
Nissan,Odyssey,2003,152665,1
Honda,Tacoma,2007,227327,2
Nissan,Camry,2008,196739,1
Toyota,Equinox,2024,46728,18
Ford,Sentra,2023,181335,1
Honda,Colorado,2014,271021,3
Ford,Murano,2018,256937,5
Ford,Rav4,2009,20217,4
Chevrolet,Mustang,2006,235937,2
Honda,Odyssey,2012,146870,2
Nissan,Murano,2017,285843,5
Nissan,Highlander,2005,294460,5
Toyota,Explorer,2020,43275,16
Nissan,Tacoma,2021,124555,9
Honda,Frontier,2022,18416,19
Honda,Escape,2003,197415,7
Nissan,Civic,2003,64685,3
Chevrolet,Frontier,2000,144145,4
Ford,Civic,2021,254888,4
Ford,Rogue,2004,138809,6
Chevrolet,Altima,2013,123937,3
Chevrolet,Rav4,2002,291257,1
Honda,Civic,2014,92790,10
Toyota,Rogue,2012,285839,6
Nissan,Frontier,2011,258063,5
Ford,Sentra,2018,246162,6
Toyota,F-150,2004,37197,3
Toyota,Rogue,2014,160343,6
Toyota,Murano,2015,124953,10
Ford,Rav4,2005,148785,1
Honda,Silverado,2018,60136,12
Honda,Odyssey,2009,35704,6
Toyota,Sentra,2019,63678,15
Chevrolet,Sentra,2018,183808,1
Nissan,Colorado,2000,83889,1
Nissan,CR-V,2011,9875,5
Honda,Frontier,2001,78148,1
Honda,CR-V,2000,190643,1
Ford,Equinox,2012,65948,5
Nissan,Pilot,2018,141822,10
Honda,CR-V,2019,226926,5
Honda,Traverse,2006,225011,7
Nissan,Rogue,2003,126382,6
Nissan,CR-V,2008,120074,4
Chevrolet,F-150,2001,743,1
Ford,Malibu,2004,95029,5
Chevrolet,CR-V,2023,127099,9
Ford,Mustang,2001,287473,5
Toyota,Mustang,2005,269560,3
Ford,Murano,2019,253869,2
Ford,Pilot,2005,241874,3
Ford,Colorado,2020,134036,9
Chevrolet,Corolla,2017,158365,1
Toyota,Highlander,2003,136008,4
Honda,CR-V,2004,55325,7
Ford,Rogue,2009,253238,4
Chevrolet,Tacoma,2001,108695,7
Honda,Camry,2017,171500,5
Chevrolet,Equinox,2024,168201,5
Toyota,Ranger,2005,133698,3
Honda,Sentra,2001,201674,7
Nissan,Rav4,2009,230648,1
Honda,Highlander,2006,219756,7
Chevrolet,Colorado,2006,1815,6
Toyota,Escape,2016,121560,8
Toyota,Explorer,2002,236244,2
Nissan,Murano,2015,217638,5
Nissan,Altima,2006,211202,5
Chevrolet,Tacoma,2023,278530,3
Toyota,Silverado,2016,22267,8
Toyota,Altima,2018,85860,13
Ford,Rogue,2008,227129,5
Toyota,Rogue,2001,249245,2
Nissan,Rogue,2021,177526,7
Nissan,Explorer,2020,238636,7
Chevrolet,Ranger,2001,189074,1
Chevrolet,Altima,2024,65348,10
Toyota,CR-V,2006,155464,7
Ford,Pilot,2020,191578,2
Chevrolet,Escape,2015,231170,4
Toyota,Accord,2010,194979,5
Ford,Tacoma,2011,159685,3
Ford,Rogue,2012,271338,6
Ford,Silverado,2006,86062,3
Nissan,F-150,2009,39608,7
Chevrolet,F-150,2018,117398,10
Honda,Camry,2000,225124,2
Nissan,Colorado,2024,114336,9
Ford,Odyssey,2015,228837,7
Ford,Rav4,2021,5012,19
Chevrolet,Rogue,2012,217701,7
Toyota,Colorado,2006,184500,2
Honda,Mustang,2001,140190,2
Ford,Frontier,2013,244561,5
Nissan,Camry,2018,71912,11
Ford,Escape,2006,73105,1
Ford,Explorer,2009,136425,1
Ford,Ranger,2005,47910,6
Nissan,Tacoma,2007,51819,1
Toyota,Rav4,2000,85499,3
Ford,F-150,2004,20123,4
Chevrolet,CR-V,2022,94620,15
Toyota,Odyssey,2007,158779,2
Ford,F-150,2002,71333,4
Ford,Frontier,2006,22572,3
Ford,Highlander,2004,141382,2
Chevrolet,Highlander,2007,227175,4
Toyota,Camry,2000,39855,4
Honda,Murano,2023,240285,4
Nissan,CR-V,2007,150703,2
Nissan,Equinox,2002,230163,5
Chevrolet,Altima,2006,179737,1
Nissan,Traverse,2012,188774,3
Nissan,Corolla,2001,55927,3
Chevrolet,Highlander,2011,265472,3
Honda,Highlander,2000,160023,1
Honda,Traverse,2011,59301,3
Honda,Accord,2007,245461,3
Ford,Highlander,2000,110498,1
Honda,Mustang,2001,37187,7
Nissan,Civic,2015,265429,2
Toyota,Odyssey,2017,96586,15
Toyota,Highlander,2006,15130,2
Honda,Tacoma,2007,140550,4
Nissan,Corolla,2012,72662,1
Chevrolet,Highlander,2001,93288,3
Honda,Rav4,2014,222047,4
Ford,CR-V,2008,6348,7
Chevrolet,Altima,2000,272065,1
Nissan,F-150,2008,170959,7
Toyota,Altima,2016,83334,8
Chevrolet,Rav4,2003,22040,5
Nissan,Corolla,2023,77163,11
Ford,Camry,2011,147498,7
Ford,Ranger,2014,136897,9
Toyota,Pilot,2014,192740,5
Chevrolet,Sentra,2013,298484,5
Ford,Malibu,2006,160479,7
Nissan,Odyssey,2013,194688,7
Honda,Odyssey,2014,154335,2
Ford,Escape,2002,226343,3
Toyota,F-150,2021,277139,7
Toyota,Rav4,2007,200258,7
Chevrolet,F-150,2000,194708,3
Toyota,Equinox,2006,277280,2
Chevrolet,Altima,2018,54123,11
Honda,Pilot,2006,88987,2
Chevrolet,Ranger,2003,39985,4
Chevrolet,Pilot,2015,144017,8
Toyota,Escape,2015,164388,1
Honda,F-150,2006,10945,1
Chevrolet,Camry,2000,112936,7
Toyota,Ranger,2019,259099,5
Honda,Rogue,2017,244773,5
Nissan,Altima,2017,1320,14
Ford,F-150,2000,96744,5
Chevrolet,F-150,2006,184450,7
Ford,Traverse,2001,150368,3
Honda,Frontier,2009,1982,7
Chevrolet,Ranger,2022,264709,5
Ford,F-150,2014,32424,8
Honda,Highlander,2012,233613,4
Nissan,Tacoma,2023,103221,9
Toyota,Ranger,2016,12790,8
Toyota,Pilot,2016,63115,10
Nissan,Corolla,2016,139813,7
Nissan,Murano,2010,199794,3
Honda,Mustang,2019,141349,10
Chevrolet,CR-V,2000,262772,3
Ford,Odyssey,2004,218635,2
Toyota,Altima,2002,110264,4
Ford,Pilot,2006,253634,7
Chevrolet,Altima,2013,53897,2
Toyota,Escape,2001,288982,4
Toyota,Equinox,2016,238727,2
Chevrolet,Pilot,2017,124982,10
Honda,CR-V,2011,182078,3
Toyota,Silverado,2017,151220,7
Honda,Altima,2005,245298,2
Honda,Altima,2007,194146,4
Toyota,CR-V,2007,131860,2
Toyota,Highlander,2008,16801,1
Nissan,Ranger,2009,250887,5
Ford,Rav4,2016,257029,7
Toyota,Camry,2023,110308,10
Chevrolet,Silverado,2018,230571,4
Toyota,Tacoma,2022,179554,5
Chevrolet,Pilot,2008,222621,5
Honda,Silverado,2013,224800,7
Nissan,Pilot,2020,92700,13
Toyota,Traverse,2004,237962,3
Nissan,Camry,2022,181114,7
Honda,Ranger,2018,237230,6
Chevrolet,Explorer,2011,29995,2
Honda,CR-V,2006,121374,6
Honda,Altima,2014,236784,5
Toyota,Tacoma,2016,285408,7
Nissan,Murano,2011,26848,3
Chevrolet,Civic,2023,45445,19
Ford,Mustang,2008,69955,6
Nissan,Sentra,2007,160071,5
Toyota,Accord,2007,153607,1
Nissan,Pilot,2005,244645,6
Ford,Traverse,2023,17432,17
Nissan,Odyssey,2011,82694,4
Toyota,Ranger,2001,29559,6
Chevrolet,Rav4,2017,113277,7
Nissan,Odyssey,2006,212540,1
Toyota,Tacoma,2007,71407,6
Chevrolet,Pilot,2002,131784,4
Ford,Altima,2002,96878,2
Ford,CR-V,2005,70015,7
Nissan,Malibu,2020,167788,4
Chevrolet,Accord,2011,16149,2
Chevrolet,Odyssey,2001,160369,3
Nissan,Equinox,2012,58696,2
Nissan,Rogue,2019,251176,6
Honda,Rav4,2022,294454,3
Honda,Altima,2013,256752,6
Toyota,Tacoma,2014,69756,8
Toyota,Highlander,2014,175873,4
Chevrolet,Highlander,2000,101904,6
Nissan,Pilot,2001,279380,6
Honda,F-150,2012,285185,5
Chevrolet,Traverse,2024,55757,13
Toyota,Accord,2014,161043,1
Toyota,Silverado,2001,82717,3
Chevrolet,Colorado,2008,260806,6
Chevrolet,Highlander,2021,222604,1
Honda,Colorado,2006,64025,7
Chevrolet,Odyssey,2008,82691,4
Honda,Silverado,2016,95419,7
Ford,Sentra,2021,62374,15
Ford,Ranger,2011,281627,2
Honda,F-150,2002,280920,5
Chevrolet,Equinox,2010,249129,5
Nissan,Murano,2009,114182,6
Honda,Accord,2001,108247,4
Nissan,Highlander,2017,220448,3
Honda,Camry,2021,190298,3
Nissan,Odyssey,2002,153599,6
Toyota,Silverado,2022,125135,7
Toyota,Silverado,2015,197391,5
Chevrolet,Corolla,2000,268942,3
Chevrolet,Colorado,2011,47595,7
Toyota,Altima,2010,28266,1
Honda,Malibu,2004,293159,5
Toyota,Accord,2001,134969,7
Chevrolet,Pilot,2019,62616,10
Nissan,Malibu,2012,264249,1
Nissan,Escape,2008,40468,4
Ford,Traverse,2012,73343,4
Honda,Tacoma,2008,93042,5
Nissan,Explorer,2003,92405,2
Ford,Explorer,2012,255481,3
Nissan,Mustang,2007,227284,5
Toyota,F-150,2014,60991,9
Nissan,Civic,2006,48213,1
Honda,Tacoma,2012,108446,3
Ford,Accord,2024,2640,16
Nissan,Escape,2003,153793,6
Chevrolet,Equinox,2021,18816,17
Toyota,Camry,2020,232935,3
Chevrolet,Explorer,2015,277338,5
Honda,Explorer,2021,204192,4
Honda,Silverado,2007,182967,2
Honda,Civic,2016,14373,10
Toyota,Colorado,2020,78619,11
Nissan,Odyssey,2024,101462,8
Chevrolet,Sentra,2001,263659,3
Nissan,Silverado,2016,11469,7
Nissan,F-150,2008,20672,6
Nissan,Colorado,2024,115147,7
Nissan,Corolla,2003,236770,6
Nissan,Explorer,2012,43925,5
Chevrolet,Camry,2010,68555,4
Nissan,Explorer,2011,261222,3
Ford,Escape,2019,261362,2
Ford,Corolla,2019,37089,19
Chevrolet,Pilot,2006,290373,2
Chevrolet,Explorer,2018,29974,15
Honda,Malibu,2022,80153,12
Toyota,Highlander,2020,191803,2
Ford,Mustang,2010,238525,6
Chevrolet,Odyssey,2009,47357,4
Toyota,Equinox,2007,273734,2
Chevrolet,Murano,2024,235841,7
Chevrolet,Silverado,2018,140846,9
Honda,F-150,2006,167783,3
Chevrolet,Colorado,2020,2195,18
Honda,Corolla,2011,256876,2
Nissan,Camry,2001,236610,6
Ford,Camry,2015,240620,1
Chevrolet,Camry,2021,37828,15
Toyota,Mustang,2002,238580,7
Honda,Corolla,2010,221430,7
Nissan,Colorado,2009,50869,3
Honda,Traverse,2017,270116,3
Toyota,Equinox,2010,48346,7
Nissan,Malibu,2005,18469,3
Chevrolet,Murano,2017,224620,5
Nissan,Murano,2005,2443,1
Honda,Explorer,2000,245565,4
Ford,Pilot,2020,164567,1
Chevrolet,Ranger,2024,278197,3
Honda,Highlander,2000,225259,2
Toyota,Escape,2002,266718,2
Chevrolet,Explorer,2009,121817,1
Ford,Traverse,2013,284233,5
Nissan,Colorado,2014,148608,9
Honda,Tacoma,2022,130009,8
Nissan,Rav4,2019,198432,7
Toyota,Civic,2020,133780,7
Nissan,Odyssey,2003,62800,4
Chevrolet,Colorado,2023,226105,7
Ford,Camry,2020,207997,1
Honda,Silverado,2005,26365,2
Toyota,Civic,2017,285671,2
Chevrolet,Colorado,2021,161281,7
Ford,Silverado,2010,269330,5
Toyota,Ranger,2011,265981,5
Nissan,Escape,2016,188372,4
Ford,Rav4,2019,275403,4
Honda,Civic,2013,208127,7
Chevrolet,Colorado,2000,72638,2
Honda,F-150,2020,160750,7
Chevrolet,Camry,2023,254688,1
Ford,Traverse,2023,203323,3
Nissan,Mustang,2005,198184,2
Nissan,Silverado,2009,224859,2
Ford,Ranger,2008,127198,5
Ford,Equinox,2013,137834,7
Ford,Equinox,2022,234945,5
Honda,Silverado,2016,46155,8
Nissan,Silverado,2010,2911,6
Chevrolet,Colorado,2002,299353,2
Toyota,Equinox,2012,190994,1
Nissan,Malibu,2010,76101,6
Ford,Sentra,2001,185135,3
Chevrolet,Civic,2004,280367,2
Honda,Odyssey,2013,241,2
Chevrolet,Mustang,2018,196313,7
Nissan,Rav4,2013,27097,4
Honda,Sentra,2021,287324,7
Toyota,Explorer,2011,288500,7
Ford,Odyssey,2008,155854,6
Toyota,Murano,2006,158984,3
Chevrolet,Mustang,2015,67880,10
Chevrolet,Rav4,2015,227531,2
Honda,Camry,2001,2610,4
Toyota,Frontier,2006,250482,4
Chevrolet,F-150,2000,264703,7
Toyota,Camry,2010,127884,7
Chevrolet,Murano,2005,15336,7
Honda,Frontier,2014,279942,6
Honda,Camry,2012,201836,1
Chevrolet,Escape,2015,260555,4
Nissan,Camry,2011,287058,3
Nissan,Equinox,2001,106397,5
Nissan,Civic,2020,12106,18
Toyota,Ranger,2017,245700,4
Ford,Equinox,2017,133162,8
Chevrolet,Highlander,2023,143872,10
Nissan,Corolla,2023,149680,10
Honda,Tacoma,2016,188119,6
Ford,Ranger,2006,243235,3
Toyota,Rav4,2006,104504,5
Toyota,Malibu,2012,173883,7
Honda,Accord,2022,238550,1
Nissan,Highlander,2003,1406,2
Ford,Sentra,2018,61063,15
Nissan,Escape,2001,213057,5
Toyota,Civic,2016,96766,7
Honda,Rav4,2005,91392,1
Toyota,Rogue,2006,43352,6
Toyota,Altima,2007,77861,2
Honda,Equinox,2014,245768,3
Ford,Traverse,2021,237139,2
Toyota,Equinox,2024,142578,9
Chevrolet,Explorer,2010,284528,7
Nissan,Highlander,2018,23170,15
Chevrolet,Ranger,2010,177410,7
Ford,Traverse,2014,3056,8
Ford,Sentra,2008,13205,3
Chevrolet,Murano,2008,7809,6
Honda,Rav4,2020,85177,13
Ford,Highlander,2005,10558,7
Nissan,Tacoma,2004,11787,6
Toyota,Colorado,2012,167452,5
Toyota,Corolla,2015,21202,8
Toyota,Rogue,2011,297437,3
Ford,Silverado,2020,124956,8
Chevrolet,F-150,2010,116400,6
Toyota,Frontier,2021,272417,7
Nissan,Equinox,2010,21515,1
Toyota,Accord,2009,116141,6
Chevrolet,Murano,2024,189955,5
Chevrolet,Tacoma,2000,111431,2
Ford,Rav4,2000,115537,7
Honda,Mustang,2000,65359,4
Nissan,Colorado,2014,191908,6
Chevrolet,Corolla,2005,296414,2
Toyota,Colorado,2021,191726,2
Honda,Colorado,2013,172656,7
Honda,Camry,2000,120718,7
Nissan,Highlander,2010,446,6
Ford,Traverse,2000,175097,7
Chevrolet,Colorado,2005,221737,5
Nissan,Frontier,2017,16379,15
Toyota,Odyssey,2019,256650,5
Ford,Altima,2013,160263,7
Ford,Odyssey,2010,140030,7
Chevrolet,Frontier,2009,282755,2
Nissan,Silverado,2008,238666,1
Chevrolet,Murano,2020,7769,18
Toyota,Traverse,2018,185566,7
Ford,Malibu,2012,240209,3
Honda,F-150,2008,93188,7
Honda,Colorado,2021,290967,5
Ford,Rav4,2009,295539,6
Nissan,Odyssey,2006,159625,5
Chevrolet,Rogue,2023,39551,20
Chevrolet,Ranger,2014,222837,4
Toyota,Corolla,2013,96503,4
Nissan,Highlander,2008,253622,7
Toyota,Ranger,2024,38843,20
Nissan,Camry,2023,175270,4
Chevrolet,F-150,2007,7238,2
Toyota,Rav4,2019,68470,15
Nissan,Highlander,2022,285483,5
Toyota,Rav4,2012,95078,1
Ford,Highlander,2014,207168,4
Chevrolet,Civic,2018,222581,4
Chevrolet,Rav4,2021,154479,5
Ford,Altima,2009,55359,7
Ford,Escape,2014,51000,7
Honda,Corolla,2011,167887,2
Honda,Odyssey,2001,278541,4
Chevrolet,Silverado,2007,230637,5
Toyota,F-150,2022,214179,6
Toyota,Rogue,2020,230074,1
Toyota,Malibu,2007,215356,6
Ford,Pilot,2000,40780,5
Ford,Traverse,2020,144595,9
Nissan,CR-V,2021,263579,5
Toyota,Corolla,2019,267109,7
Nissan,Rogue,2024,49462,15
Toyota,Altima,2001,173358,4
Nissan,Colorado,2008,261196,7
Toyota,Murano,2015,11,8
Ford,Highlander,2021,178875,6
Toyota,Traverse,2000,35543,3
Ford,CR-V,2015,38755,10
Honda,Tacoma,2008,98158,1
Chevrolet,Rogue,2020,215325,2
Chevrolet,Accord,2007,121237,6
Chevrolet,Escape,2022,109214,8
Chevrolet,Pilot,2007,258716,2
Nissan,Pilot,2007,67177,3
Honda,Civic,2017,3888,11
Honda,Sentra,2018,131486,7
Toyota,Ranger,2005,98764,1
Toyota,Odyssey,2010,144748,5
Ford,Odyssey,2001,194051,6
Honda,Malibu,2000,19042,2
Chevrolet,Sentra,2022,226737,1
Ford,Corolla,2021,18086,16
Chevrolet,Ranger,2008,149261,6
Chevrolet,Frontier,2017,5800,10
Ford,Silverado,2010,127695,1
Chevrolet,Sentra,2016,20012,10
Ford,Colorado,2011,100451,3
Ford,Civic,2013,180702,6
Ford,Corolla,2023,270509,3
Nissan,Escape,2006,234804,6
Ford,Murano,2002,167134,4
Nissan,Odyssey,2006,157725,4
Chevrolet,Accord,2017,296245,1
Chevrolet,Odyssey,2022,81939,10
Chevrolet,Traverse,2021,192194,3
Ford,Traverse,2000,106662,7
Ford,Pilot,2021,5351,18
Ford,Tacoma,2024,9398,19
Chevrolet,Rogue,2013,229278,7
Ford,F-150,2003,267179,5
Chevrolet,Highlander,2022,101551,10
Ford,Frontier,2022,160974,1
Chevrolet,Ranger,2015,256074,7
Toyota,Frontier,2006,274359,2
Chevrolet,Pilot,2020,49098,19
Chevrolet,Mustang,2021,148464,7
Chevrolet,Equinox,2011,65847,4
Nissan,Mustang,2012,153502,3
Honda,Traverse,2006,98788,7
Honda,Equinox,2005,239727,7
Toyota,Ranger,2008,142414,2
Nissan,Altima,2013,22789,1
Ford,Rav4,2015,270186,3
Toyota,Malibu,2001,215557,6
Ford,Accord,2005,92329,4
Chevrolet,Traverse,2023,182791,6
Chevrolet,Colorado,2001,275405,3
Nissan,Pilot,2009,8986,6
Ford,Explorer,2014,201328,1
Ford,Tacoma,2006,74672,5
Chevrolet,Colorado,2019,36333,18
Toyota,Corolla,2006,67702,7
Ford,Ranger,2011,279964,3
Ford,Rogue,2024,170535,1
Chevrolet,Colorado,2008,104764,1
Honda,Civic,2001,17364,7
Chevrolet,Silverado,2021,292677,1
Honda,Altima,2002,70054,5
Ford,CR-V,2012,139984,5
Nissan,Sentra,2006,139560,3
Ford,Silverado,2007,227023,1
Chevrolet,Escape,2021,129190,9
Chevrolet,Colorado,2003,19620,6
Ford,Pilot,2004,299649,6
Chevrolet,Accord,2017,264487,3
Honda,Camry,2019,99247,10
Honda,Highlander,2020,24423,18
Honda,Mustang,2016,124033,8
Honda,Frontier,2023,28838,17
Chevrolet,Explorer,2004,158421,1
Ford,Altima,2020,91596,15
Chevrolet,Rav4,2014,203762,7
Nissan,Rav4,2017,72377,12
Toyota,Silverado,2005,20519,5
Toyota,Accord,2001,273817,6
Toyota,Accord,2007,258797,1
Toyota,Tacoma,2000,81008,4
Chevrolet,Traverse,2016,135565,7
Chevrolet,Equinox,2007,179047,4
Ford,Colorado,2012,204048,4
Honda,Altima,2006,180738,6
Toyota,Odyssey,2009,10822,6
Nissan,F-150,2012,68256,6
Chevrolet,Traverse,2011,274408,6
Nissan,Murano,2022,25407,19
Honda,Colorado,2011,205033,5
Toyota,Odyssey,2013,181643,6
Ford,Equinox,2002,239434,7
Ford,Rogue,2013,21503,6
Chevrolet,Pilot,2007,109202,1
Honda,Odyssey,2022,197537,2
Honda,Malibu,2017,103044,10
Nissan,F-150,2024,54221,14
Ford,F-150,2024,98328,12
Toyota,Camry,2020,192014,2
Ford,Traverse,2015,70353,9
Ford,Equinox,2011,170025,5
Chevrolet,Camry,2001,212922,5
Ford,Escape,2002,124926,4
Honda,Mustang,2003,278128,4
Nissan,F-150,2003,141720,2
Nissan,Camry,2010,284384,6
Chevrolet,Equinox,2024,171474,7
Chevrolet,CR-V,2017,266270,4
Chevrolet,Corolla,2016,286369,2
Ford,Sentra,2012,58173,4
Ford,Highlander,2011,76017,1
Ford,Civic,2006,61771,6
Ford,Camry,2007,288618,4
Ford,Highlander,2009,53605,3
Nissan,Accord,2006,130074,2
Ford,Murano,2000,96409,6
Ford,Accord,2019,136476,9
Chevrolet,Colorado,2016,240485,4
Chevrolet,Malibu,2007,168436,3
Honda,Corolla,2019,281233,4
Ford,Escape,2022,50326,11
Honda,Rogue,2012,1580,3
Honda,Tacoma,2019,20267,19
Honda,CR-V,2001,260666,1
Nissan,Corolla,2024,176236,6
Toyota,Silverado,2001,2337,6
Toyota,Tacoma,2004,268248,6
Ford,Tacoma,2024,60990,12
Honda,Pilot,2015,30777,8
Chevrolet,Sentra,2009,232572,4
Ford,Rogue,2003,8502,3
Chevrolet,Equinox,2013,236786,6
Chevrolet,Corolla,2003,122205,4
Nissan,Escape,2019,52641,14
Ford,Colorado,2023,55077,15
Honda,Camry,2011,130416,2
Chevrolet,Silverado,2006,70575,5
Nissan,Civic,2003,164057,4
Ford,Rav4,2023,32041,16
Ford,Traverse,2018,209725,5
Nissan,Sentra,2017,71782,12
Nissan,Civic,2006,133838,1
Nissan,Corolla,2012,269551,2
Chevrolet,Camry,2017,1027,15
Nissan,Tacoma,2005,289821,2
Chevrolet,Silverado,2013,136592,4
Toyota,Tacoma,2006,64103,3
Honda,Highlander,2011,87675,7
Nissan,Tacoma,2016,258174,6
Nissan,Altima,2018,266746,4
Chevrolet,Equinox,2007,47708,7
Honda,Frontier,2016,169110,3
Chevrolet,Explorer,2012,244301,4
Ford,Civic,2013,8024,4
Toyota,Odyssey,2013,228507,3
Honda,Highlander,2003,125590,6
Ford,Murano,2022,37558,16
Ford,Highlander,2005,62341,4
Honda,Odyssey,2022,270436,7
Honda,Rogue,2013,103487,3
Toyota,Explorer,2019,59067,15
Honda,Rogue,2022,209158,3
Toyota,Explorer,2022,261171,1
Toyota,Civic,2018,103608,10
Toyota,CR-V,2003,141763,1
Toyota,Explorer,2011,167080,7
Honda,Highlander,2012,115518,6
Ford,Frontier,2015,12217,10
Ford,Camry,2020,10164,18
Chevrolet,Sentra,2019,122406,7
Nissan,Rogue,2004,104784,2
Honda,Odyssey,2012,1405,4
Toyota,Silverado,2017,208199,2
Chevrolet,Colorado,2016,127600,9
Chevrolet,Odyssey,2011,10114,3
Toyota,CR-V,2020,74791,12
Ford,Rogue,2014,253302,4
Ford,Odyssey,2015,197711,7
Honda,Traverse,2011,255087,3
Honda,Odyssey,2015,208989,3
Nissan,Sentra,2004,292906,6
Toyota,Camry,2000,196585,1
Chevrolet,Mustang,2015,37086,8
Honda,CR-V,2003,168507,4
Honda,Traverse,2021,268534,1
Ford,Odyssey,2004,191910,4
Nissan,F-150,2021,292406,1
Chevrolet,Odyssey,2005,234032,5
Honda,Altima,2013,45297,4
Honda,Camry,2021,36134,15
Honda,Tacoma,2008,99932,1
Ford,CR-V,2001,46661,5
Toyota,Escape,2000,268118,2
Chevrolet,Murano,2001,197992,2
Chevrolet,Highlander,2004,197600,6
Nissan,Pilot,2008,27571,7
Chevrolet,Rogue,2001,67852,5
Nissan,Sentra,2005,27197,3
Toyota,Escape,2015,175609,6
Ford,Camry,2016,53051,10
Honda,Malibu,2003,181002,1
Nissan,Odyssey,2014,105534,10
Toyota,Explorer,2011,163863,4
Honda,Tacoma,2011,76936,4
Toyota,Ranger,2011,134580,6
Ford,Tacoma,2012,129183,7
Nissan,Tacoma,2023,154541,3
Nissan,Equinox,2010,182548,3
Toyota,Ranger,2016,82383,8
Toyota,Camry,2005,183550,7
Ford,Odyssey,2015,71674,8
Toyota,Corolla,2016,74090,7
Toyota,Tacoma,2011,255813,5
Honda,Malibu,2015,166023,3
Ford,Equinox,2017,259879,5
Honda,Traverse,2003,90304,5
Toyota,Highlander,2013,104600,2
Honda,Camry,2022,68807,12
Chevrolet,Rav4,2013,180099,4
Ford,Explorer,2022,67778,15
Nissan,Rav4,2008,128905,2
Chevrolet,Colorado,2023,65786,10
Nissan,Traverse,2021,153335,4
Toyota,Altima,2004,225089,5
Nissan,Colorado,2011,255486,2
Ford,Escape,2019,132212,9
Ford,F-150,2007,55911,7
Chevrolet,Rav4,2014,6887,8
Chevrolet,Malibu,2004,79998,5
Honda,Tacoma,2000,118611,6
Chevrolet,Silverado,2018,189022,4
Chevrolet,Traverse,2015,227893,7
Chevrolet,Highlander,2022,59978,10
Nissan,Traverse,2012,73033,7
Toyota,Rav4,2001,285413,1
Toyota,Rav4,2020,265447,7
Chevrolet,Altima,2018,17311,13
Nissan,Equinox,2023,228047,3
Honda,Accord,2004,56170,3
Toyota,Ranger,2006,172539,5
Nissan,Traverse,2014,204983,5
Chevrolet,CR-V,2016,91412,10
Honda,Accord,2008,254891,1
Honda,Rogue,2007,242325,2
Toyota,Sentra,2016,63721,8
Honda,Civic,2000,116606,6
Honda,Ranger,2011,248516,3
Chevrolet,Colorado,2023,152459,6
Chevrolet,Explorer,2021,87012,11
Ford,Colorado,2004,135381,2
Ford,Corolla,2021,53779,15
Ford,Frontier,2008,131303,5
Honda,Sentra,2024,150365,2
Nissan,Explorer,2006,250285,5
Honda,Malibu,2017,270449,4
Toyota,Escape,2004,33685,5
Ford,Corolla,2018,93702,15
Chevrolet,Camry,2002,199433,5
Nissan,Traverse,2020,277701,1
Ford,Frontier,2013,139694,7
Ford,Colorado,2011,169445,3
Chevrolet,Rav4,2003,119541,3
Toyota,Murano,2006,206746,2
Ford,Civic,2015,180182,2
Ford,Rav4,2000,283439,4
Chevrolet,Tacoma,2023,172085,7
Honda,Rav4,2009,209681,1
Ford,Escape,2021,53522,15
Honda,Rogue,2008,221859,5
Toyota,Escape,2001,135150,7
Honda,Altima,2012,147739,1
Ford,Silverado,2004,281014,3
Chevrolet,Camry,2021,120758,9
Ford,F-150,2002,109069,4
Nissan,Camry,2004,233337,3
Toyota,Murano,2016,190926,4
Chevrolet,Mustang,2024,173232,1
Toyota,Rav4,2024,98503,11
Chevrolet,Altima,2014,109421,10
Toyota,Ranger,2000,79631,1
Honda,Highlander,2008,114940,7
Honda,Tacoma,2001,123801,4
Toyota,Rav4,2011,183093,7
Chevrolet,Corolla,2018,41643,11
Nissan,Tacoma,2017,93981,15
Ford,Ranger,2010,41618,1
Chevrolet,Explorer,2017,43131,12
Nissan,Civic,2007,5844,5
Honda,Colorado,2017,268198,7
Ford,Tacoma,2020,217196,2
Chevrolet,Malibu,2010,203906,3
Chevrolet,Silverado,2004,122938,7
Chevrolet,Rogue,2015,289305,4
Nissan,Mustang,2021,233444,4
Toyota,Ranger,2023,123009,10
Ford,Colorado,2003,10741,4
Honda,Tacoma,2010,142470,1
Nissan,Pilot,2009,275777,4
Honda,Accord,2003,259134,6
Chevrolet,Tacoma,2013,233978,2
Nissan,CR-V,2022,122100,8
Chevrolet,Ranger,2011,127201,4
Honda,F-150,2006,158406,4
Honda,Rogue,2009,258418,4
Ford,Escape,2020,282934,2
Chevrolet,Tacoma,2016,48410,10
Chevrolet,Colorado,2021,198379,5
Honda,Equinox,2011,89818,4
Ford,Tacoma,2004,84576,3
Nissan,Malibu,2010,242270,6
Nissan,Rogue,2005,94555,6
Toyota,Colorado,2019,194584,7
Ford,Rogue,2020,276438,5
Toyota,Accord,2000,6919,6
Nissan,Altima,2003,204598,3
Ford,Frontier,2022,289789,5
Toyota,Sentra,2018,108194,9
Honda,Odyssey,2024,240690,5
Chevrolet,Highlander,2020,252358,3
Honda,Highlander,2015,83655,8
Honda,Rav4,2010,170728,2
Ford,Highlander,2001,283097,7
Honda,Frontier,2024,79535,11
Chevrolet,Civic,2022,239073,4
Nissan,F-150,2015,137775,10
Ford,Tacoma,2009,57522,3
Honda,Ranger,2023,50580,15
Ford,Accord,2000,271179,4
Ford,Escape,2011,156884,4
Toyota,F-150,2017,296887,2
Chevrolet,Traverse,2000,135062,4
Honda,Equinox,2021,248117,3
Ford,Frontier,2015,81837,8
Ford,Corolla,2003,37579,6
Ford,Rogue,2016,287536,1
Nissan,Equinox,2006,249081,5
Ford,Malibu,2003,189723,3
Honda,Sentra,2008,268525,4
Chevrolet,Sentra,2019,190429,1
Toyota,Mustang,2007,43402,6
Chevrolet,Mustang,2001,6796,3
Toyota,Rav4,2020,70260,13
Honda,Corolla,2006,142546,1
Nissan,Civic,2017,93358,14
Ford,Explorer,2018,296187,7
Ford,Equinox,2005,294599,4
Toyota,Mustang,2022,49463,16
Ford,Accord,2012,77429,6
Ford,Tacoma,2008,234642,6
Nissan,Colorado,2014,246858,5
Toyota,Explorer,2020,85689,10
Ford,Murano,2010,52105,3
Ford,Civic,2022,35017,15
Nissan,Corolla,2021,259439,5
Honda,Rogue,2004,36028,6
Chevrolet,Rogue,2021,154774,3
Nissan,Frontier,2020,87409,11
Honda,Explorer,2001,92733,1
Ford,Mustang,2007,212807,5
Nissan,Corolla,2003,105092,2
Nissan,CR-V,2017,176493,5
Honda,Silverado,2002,165553,7
Honda,Odyssey,2018,97194,14
Nissan,Tacoma,2020,258822,5
Ford,Altima,2013,192362,4
Nissan,Accord,2009,9557,1
Nissan,Ranger,2021,160937,6
Chevrolet,Accord,2023,101581,7
Toyota,Frontier,2017,252498,3
Ford,Silverado,2009,122685,5
Ford,Explorer,2005,93269,7
Chevrolet,Highlander,2022,214786,1
Chevrolet,Equinox,2002,94489,1
Ford,Frontier,2018,250315,7
Ford,Frontier,2007,23336,3
Chevrolet,Ranger,2023,103911,9
Toyota,Accord,2023,196434,1
Chevrolet,Ranger,2010,165692,7
Honda,Altima,2016,238637,7
Nissan,F-150,2006,93961,4
Toyota,Tacoma,2001,232161,2
Chevrolet,Corolla,2009,231264,2
Toyota,Civic,2007,28792,1
Chevrolet,Equinox,2019,245481,6
Ford,Malibu,2008,175905,5
Toyota,Accord,2007,180928,6
Ford,Traverse,2019,212867,7
Ford,Silverado,2010,252973,3
Honda,F-150,2023,133122,8
Honda,Rav4,2012,239549,5
Honda,Explorer,2013,57085,3
Nissan,Sentra,2024,270050,6
Chevrolet,Colorado,2003,194283,1
Toyota,Corolla,2000,276140,5
Chevrolet,Mustang,2020,226828,4
Nissan,Corolla,2017,28533,15
Toyota,Odyssey,2021,244230,3
Toyota,Murano,2006,272753,3
Chevrolet,Frontier,2005,27795,7
Chevrolet,Malibu,2016,117496,7
Nissan,Highlander,2005,27077,4
Toyota,Colorado,2021,23785,20
Nissan,F-150,2012,99027,7
Chevrolet,Equinox,2001,144179,3
Nissan,Murano,2023,102374,7
Ford,Murano,2010,176896,6
Toyota,Civic,2007,244009,4
Ford,Murano,2022,243889,2
Ford,Malibu,2018,40413,10
Honda,Odyssey,2000,81422,3
Ford,Explorer,2010,8605,1
Chevrolet,Pilot,2004,208675,5
Toyota,Highlander,2010,134246,2
Ford,Silverado,2012,274566,7
Chevrolet,Accord,2000,259814,5
Toyota,Explorer,2006,142190,7
Nissan,Highlander,2017,104026,9
Nissan,Accord,2014,154885,2
Chevrolet,F-150,2002,101917,6
Honda,Ranger,2009,182451,2
Honda,CR-V,2016,277959,5
Chevrolet,Explorer,2020,34114,20
Nissan,Accord,2010,100220,3
Honda,Altima,2022,36285,20
Ford,Frontier,2010,47544,2
Honda,Murano,2019,112458,9
Honda,Traverse,2002,108890,3
Honda,Equinox,2005,103496,7
Ford,Rogue,2020,176865,3
Ford,Frontier,2020,213325,2
Ford,Civic,2013,13110,7
Ford,Sentra,2001,267520,2
Toyota,Tacoma,2004,154969,4
Toyota,Civic,2024,34108,19
Honda,Malibu,2011,150532,7
Ford,Pilot,2017,274762,3
Ford,Equinox,2020,232216,5
Honda,Rav4,2020,64439,14
Chevrolet,Frontier,2016,107239,9
Nissan,Silverado,2010,126025,5
Honda,Accord,2007,200047,3
Toyota,Explorer,2012,145081,5
Chevrolet,Mustang,2018,166251,3
Chevrolet,Rogue,2002,148032,7
Ford,Frontier,2018,109473,7
Ford,Frontier,2008,240426,4
Honda,CR-V,2018,115936,9
Ford,Malibu,2011,79575,5
Toyota,Accord,2009,90923,1
Nissan,Corolla,2001,278367,5
Nissan,Escape,2014,161874,3
Honda,Traverse,2015,162309,7
Nissan,Ranger,2018,129652,7
Honda,Accord,2012,290120,2
Toyota,Pilot,2001,202822,1
Honda,Explorer,2011,170079,6
Nissan,Tacoma,2004,160692,6
Ford,Explorer,2011,124698,4
Honda,Escape,2019,233534,4
Toyota,Traverse,2003,203755,7
Chevrolet,Escape,2015,104518,10
Honda,Murano,2010,241095,3
Toyota,Tacoma,2007,216199,2
Nissan,Mustang,2022,83922,14
Ford,Corolla,2018,272247,1
Chevrolet,Explorer,2010,125022,4
Toyota,Explorer,2023,106147,7
Toyota,Tacoma,2021,40877,19
Nissan,Tacoma,2009,98031,3
Chevrolet,Escape,2019,33901,19
Nissan,Murano,2010,3737,2
Honda,CR-V,2011,43720,7
Nissan,Highlander,2016,254637,2
Nissan,Escape,2013,244995,4
Ford,Traverse,2017,43307,13
Chevrolet,Altima,2002,27734,5
Nissan,Malibu,2004,255612,6
Nissan,Explorer,2022,26158,20
Toyota,CR-V,2021,100981,7
Nissan,Civic,2019,54115,10
Toyota,Civic,2018,82489,11
Nissan,Odyssey,2011,255407,2
Honda,Colorado,2009,266112,6
Honda,Odyssey,2009,200196,4
Ford,Equinox,2009,95234,7
Chevrolet,Rav4,2019,15741,17
Toyota,Pilot,2020,77958,12
Toyota,Mustang,2001,251006,6
Nissan,Corolla,2016,48300,9
Nissan,Ranger,2005,166444,3
Ford,Odyssey,2014,192432,6
Chevrolet,Ranger,2011,110703,3
Nissan,Rogue,2006,215852,2
Ford,Corolla,2022,150855,5
Honda,CR-V,2005,142904,7
Toyota,Pilot,2011,193039,6
Chevrolet,Tacoma,2008,190683,2
Ford,Silverado,2014,14656,7
Ford,Pilot,2015,251548,1
Ford,Altima,2006,246548,1
Honda,Mustang,2024,73256,12
Nissan,Pilot,2022,239546,3
Honda,CR-V,2002,288119,2
Honda,Highlander,2015,240685,1
Chevrolet,Corolla,2005,100144,4
Toyota,Tacoma,2012,271292,1
Toyota,Civic,2005,260625,4
Ford,Odyssey,2010,67474,2
Chevrolet,Civic,2000,23799,5
Honda,Corolla,2006,69325,7
Ford,Altima,2008,170246,1
Honda,Frontier,2004,262742,7
Toyota,Equinox,2008,87205,5
Ford,Sentra,2009,206326,2
Honda,Equinox,2011,234746,4
Honda,Altima,2024,54342,12
Toyota,Highlander,2003,79259,4
Toyota,Murano,2012,30958,6
Nissan,Pilot,2024,46477,18
Toyota,Sentra,2017,127714,7
Chevrolet,Silverado,2000,196924,4
Ford,Camry,2024,239477,3
Ford,Colorado,2016,109397,9
Honda,CR-V,2011,63761,4
Nissan,F-150,2000,153758,1
Toyota,Equinox,2000,205612,4
Toyota,Silverado,2010,88721,6
Honda,Frontier,2008,299084,3
Ford,Accord,2017,54014,10
Chevrolet,Mustang,2021,288171,3
Honda,Rogue,2009,138174,3
Chevrolet,CR-V,2004,184239,3
Toyota,Rogue,2017,207344,5
Ford,Accord,2007,247120,7
Toyota,Silverado,2015,128468,8
Toyota,Odyssey,2001,30495,7
Chevrolet,F-150,2010,163486,2
Toyota,Frontier,2013,117237,2
Chevrolet,Malibu,2010,189381,7
Honda,CR-V,2005,132702,6
Chevrolet,Altima,2008,246595,4
Ford,Escape,2022,238068,1
Honda,Escape,2024,178472,3
Ford,Camry,2006,216011,2
Ford,Civic,2017,234287,4
Toyota,Sentra,2004,119162,5
Ford,Camry,2020,288415,5
Ford,Rav4,2022,146346,8
Chevrolet,Accord,2006,187263,2
Ford,Tacoma,2005,70846,6
Ford,Colorado,2020,247709,7
Ford,Traverse,2003,95457,6
Chevrolet,Accord,2008,72379,5
Toyota,Equinox,2013,113056,6
Toyota,Rav4,2007,258750,2
Toyota,Odyssey,2002,15418,1
Ford,Colorado,2021,183399,7
Ford,Ranger,2013,243374,3
Honda,Highlander,2017,121310,8
Toyota,Explorer,2012,192468,1
Honda,Altima,2002,58826,3
Ford,Corolla,2000,263964,6
Honda,Rav4,2021,57654,10
Honda,Camry,2018,172625,5
Ford,Camry,2008,54324,2
Toyota,Corolla,2018,168786,6
Honda,Mustang,2016,229445,2
Toyota,Tacoma,2002,32535,4
Nissan,Highlander,2015,128654,10
Honda,Mustang,2003,146135,4
Chevrolet,Mustang,2002,173084,7
Nissan,Camry,2000,266412,5
Toyota,Mustang,2006,33628,2
Toyota,Civic,2022,245700,3
Honda,Pilot,2023,253448,6
Chevrolet,Rogue,2018,211779,3
Honda,Silverado,2015,143206,9
Nissan,Ranger,2000,65459,1
Ford,Accord,2001,148528,2
Toyota,Sentra,2017,25619,13
Toyota,F-150,2021,139674,8
Nissan,Escape,2022,295670,1
Honda,F-150,2022,230511,5
Chevrolet,Rav4,2001,117455,5
Honda,Tacoma,2024,288349,3
Chevrolet,Pilot,2020,13612,15
Honda,Altima,2005,29147,4
Honda,Equinox,2006,99766,2
Toyota,Tacoma,2022,46664,19
Chevrolet,Altima,2024,104486,9
Chevrolet,Altima,2023,126295,9
Nissan,Odyssey,2020,190161,1
Honda,Equinox,2022,123731,10
Toyota,Highlander,2017,130204,7
Nissan,Sentra,2013,151563,3
Nissan,Malibu,2017,69401,13
